customerid,name,phone_number,email,password
1,"Emilia Dunsford",838-232-1446,edunsford0@canalblog.com,edunsford0
2,"Max McConnachie",798-485-9892,mmcconnachie1@washingtonpost.com,mmconnachie1
3,"Hank Tabour",546-328-1116,htabour2@posterous.com,htabour2
4,"Wes Haggerstone",242-505-5789,whaggerstone3@kickstarter.com,whaggerstone3
5,"Jaquenette Bowra",118-143-4313,jbowra4@disqus.com,jbowra4
6,"Colline Gwilliam",919-939-6466,cgwilliam5@blinklist.com,cgwilliam5
7,"Kakalina Bayliss",810-448-3082,kbayliss6@nature.com,kbayliss6
8,"Sherilyn Edds",453-216-3173,sedds7@bloglovin.com,sedds7
9,"Theodore Jennaroy",934-206-3164,tjennaroy8@amazonaws.com,tjennaroy8
10,"Elicia Buckthought",346-215-1183,ebuckthought9@marketwatch.com,ebuckthought9
11,"Hinda Vedyashkin",424-617-9479,hvedyashkinc@blogs.com,hvedyashkinc
12,"Marty Radolf",806-986-5074,mradolfd@irs.gov,mradolfd
13,"Laurianne Lyon",391-727-1663,llyone@epa.gov,llyone
14,"Earle Dunnet",994-941-6395,edunnetf@mayoclinic.com,edunnetf
15,"Tristan Cruddace",974-432-8365,tcruddaceg@mlb.com,tcruddaceg
16,"Flss Brass",995-339-8722,fbrassh@jiathis.com,fbrassh
17,"Leese Cromb",452-593-0492,lcrombi@sina.com.cn,lcrombi
18,"Maudie Diddams",880-491-4794,mdiddamsj@narod.ru,mdiddamsj
19,"Tilly Hollyar",647-759-3260,thollyark@aboutads.info,thoyyyark
20,"Fitz Ferroni",141-626-2674,fferronil@addthis.com,fferronil
21,"Robina Trainor",659-456-4879,rtrainorm@hibu.com,rtrainorm
22,"Eugene Daynter",113-727-3027,edayntern@ezinearticles.com,edayntern
23,"Trixy Le Noire",492-926-0482,tleo@chron.com,tleo
24,"Web Honnan",170-376-2548,whonnanp@xing.com,whonnanp
25,"Irina Woodus",272-177-8032,iwoodusq@apple.com,iwoodusq
26,"Mada Davys",367-995-7794,mdavysr@dailymail.co.uk,mdavysr
27,"Concordia Rodgers",282-866-1116,crodgerss@exblog.jp,crodgerss
28,"Rowland Algate",703-113-0581,ralgatet@nbcnews.com,ralgatet
29,"Leroy Pedycan",767-246-5005,lpedycanu@wired.com,lpedycanu
30,"Maiga Stennett",460-969-5244,mstennettv@altervista.org,mstennettv
31,"Katine Corness",184-115-9373,kcornessw@creativecommons.org,kcornessw
32,"Berkly Switland",135-458-2450,bswitlandx@stumbleupon.com,bswitlandx
33,"Brien Hearty",552-861-5499,bheartyy@eepurl.com,bheartyy
34,"Winna MacRirie",158-305-0522,wmacririez@cbsnews.com,wmacririez
35,"Devin Brighouse",320-610-2620,dbrighouse10@unicef.org,dbrighouse10
36,"Wilfrid Suermeier",614-134-2789,wsuermeier11@wordpress.com,wsuermeier11
37,"Lonni Semeradova",686-367-2522,lsemeradova12@pen.io,lsemeradova12
38,"Oates Palin",594-572-1319,opalin13@eepurl.com,opalin13
39,"Cornell St Ledger",628-978-3107,cst1a@multiply.com,cst1a
40,"Ermanno Winning",723-890-0539,ewinning1b@fastcompany.com,ewinning1b
41,"Jock Murray",762-746-0227,jmurray1c@sciencedaily.com,jmurray1c
42,"Darn Eddisford",995-225-8703,deddisford1d@lycos.com,deddisford1d
43,"Isadore Jimmes",927-793-6591,ijimmes1e@zdnet.com,ijimmes1e
44,"Gypsy Stubbe",311-223-6103,gstubbe1f@photobucket.com,gstubbe1f
45,"Wenda Curmi",712-595-4786,wcurmi1g@exblog.jp,wcurmi1g
46,"Lianne Fiennes",219-977-5408,lfiennes1h@amazon.co.uk,lfiennes1h
47,"Guenevere McRavey",463-344-9835,gmcravey1i@google.nl,gmcravey1i
48,"Sergeant Foxten",951-324-5779,sfoxten1j@woothemes.com,sfoxten1j
49,"Michale Winham",868-608-9068,mwinham1k@google.fr,mwinham1k
50,"Rena Millier",793-765-9073,rmillier1l@prweb.com,rmillier1l
51,"Kissiah Raspison",905-403-3557,kraspison1m@g.co,kraspison1m
52,"Renate Hovey",853-329-7622,rhovey1n@geocities.jp,rhovey1n
53,"Roxie Ellington",756-864-4064,rellington1o@microsoft.com,rellington1o
54,"Reidar Steen",338-641-7697,rsteen1p@vkontakte.ru,rsteen1p
55,"Joline McKerron",932-642-6830,jmckerron1q@reuters.com,jmckerron1q
56,"Raymund Charman",393-557-4354,rcharman1r@jiathis.com,rcharman1r
57,"Ulrikaumeko Howship",306-989-3419,uhowship1s@twitter.com,uhowship1s
58,"Che Picker",862-254-7816,cpicker1t@fotki.com,cpicker1t
59,"Den Dolbey",251-174-9588,ddolbey1u@wp.com,ddolbey1u
60,"Boy Eaglesham",205-127-2323,beaglesham1v@vimeo.com,beaglesham1v
61,"Tymothy Yurenev",971-421-2978,tyurenev1w@msn.com,tyurenev1w
62,"Tremayne Broadberry",360-137-9261,tbroadberry1x@google.es,tbroadberry1x
63,"Justinn Klain",159-659-0445,jklain1y@washington.edu,jklain1y
64,"Lita Di Franceshci",408-156-9952,ldi1z@indiegogo.com,ldi1z
65,"Burt Boothebie",990-957-3106,bboothebie20@skype.com,bboothebie20
66,"Tani McGilvra",570-981-8745,tmcgilvra21@360.cn,tmcgilvra21
67,"Lurlene Cherrison",223-104-1683,lcherrison22@wiley.com,lcherrison22
68,"Vonni Palfrey",648-318-0973,vpalfrey23@smh.com.au,vpalfrey23
69,"Elisha Watkiss",181-145-4068,ewatkiss24@mtv.com,ewatkiss24
70,"Bucky Labbet",178-927-3084,blabbet25@boston.com,blabbet25
71,"Michele Fellenor",818-238-9419,mfellenor26@google.com.hk,mfellenor26
72,"Leicester Peracco",766-874-0123,lperacco27@oakley.com,lperacco27
73,"Tallie Bainton",619-698-9454,tbainton28@ask.com,tbainton28
74,"Robenia Durbin",374-225-8140,rdurbin29@xrea.com,rdurbin29
75,"Ettie Gregine",632-707-4745,egregine2a@baidu.com,egregine2a
76,"Ferdie Lamdin",840-650-9750,flamdin2b@fastcompany.com,flamdin2b
77,"Gypsy McCroft",461-744-2884,gmccroft2c@hhs.gov,gmccroft2c
78,"Fredelia Kinningley",869-635-3860,fkinningley2d@smh.com.au,fkinningley2d
79,"Maris Bidwell",762-436-2224,mbidwell2f@devhub.com,mbidwell2f
80,"Katherina Sullly",289-759-5280,ksullly2g@ucoz.ru,ksullly2g
81,"Daren Money",696-997-4548,dmoney2h@sina.com.cn,dmoney2h
82,"Karilynn Backson",716-893-8028,kbackson2j@plala.or.jp,kbackson2j
83,"Nolie Duffield",941-780-5898,nduffield2k@example.com,nduffield2k
84,"Lotti Eynaud",650-142-3337,leynaud2l@dot.gov,leynaud2l
85,"Oran Tindley",335-580-3528,otindley2m@biglobe.ne.jp,otindley2m
86,"Cherilyn Gitsham",424-606-8702,cgitsham2n@virginia.edu,cgitsham2n
87,"Temp Addy",831-327-1778,taddy2o@go.com,taddy2o
88,"Rosalinda Feavers",971-158-2896,rfeavers2p@1688.com,rfeavers2p
89,"Abbey Farmery",637-411-2594,afarmery2q@linkedin.com,afarmery2q
90,"Raynard Softley",523-999-2863,rsoftley2r@bluehost.com,rsoftley2r
91,"Dael Mussotti",111-618-8398,dmussotti2s@nature.com,dmussotti2s
92,"Pippy M'Quharge",739-638-1179,pmquharge2t@weebly.com,pmquharge2t
93,"Ketti Allibone",208-651-9051,kallibone2u@dell.com,kallibone2u
94,"Jesus Stain",197-151-3404,jstain2v@altervista.org,jstain2v
95,"Suzi Thorndale",366-973-2482,sthorndale2w@cyberchimps.com,sthorndale2w
96,"Karylin Sabine",752-856-8196,ksabine2x@bloomberg.com,ksabine2x
97,"Gaylene Jillins",691-487-0746,gjillins2y@shinystat.com,gjillins2y
98,"Gladi Dobbinson",703-576-9709,gdobbinson2z@reuters.com,gdobbinson2z
99,"Odetta Petrashkov",958-187-7101,opetrashkov30@purevolume.com,opetrashkov30
